Language;Name;Gender
english;Michael;male
english;Robert;male
english;John;male
english;David;male
english;William;male
english;Richard;male
english;Joseph;male
english;Thomas;male
english;Christopher;male
english;Charles;male
english;Daniel;male
english;Matthew;male
english;Anthony;male
english;Mark;male
english;Donald;male
english;Steven;male
english;Andrew;male
english;Paul;male
english;Joshua;male
english;Kenneth;male
english;Kevin;male
english;Brian;male
english;Timothy;male
english;Ronald;male
english;George;male
english;Jason;male
english;Edward;male
english;Jeffrey;male
english;Ryan;male
english;Jacob;male
english;Nicholas;male
english;Gary;male
english;Eric;male
english;Jonathan;male
english;Stephen;male
english;Larry;male
english;Justin;male
english;Scott;male
english;Brandon;male
english;Benjamin;male
english;Samuel;male
english;Gregory;male
english;Alexander;male
english;Patrick;male
english;Frank;male
english;Raymond;male
english;Jack;male
english;Dennis;male
english;Jerry;male
english;Tyler;male
english;Aaron;male
english;Jose;male
english;Adam;male
english;Nathan;male
english;Henry;male
english;Zachary;male
english;Douglas;male
english;Peter;male
english;Kyle;male
english;Noah;male
english;Ethan;male
english;Jeremy;male
english;Christian;male
english;Walter;male
english;Keith;male
english;Austin;male
english;Roger;male
english;Terry;male
english;Sean;male
english;Gerald;male
english;Carl;male
english;Dylan;male
english;Harold;male
english;Jordan;male
english;Jesse;male
english;Bryan;male
english;Lawrence;male
english;Arthur;male
english;Gabriel;male
english;Bruce;male
english;Logan;male
english;Billy;male
english;Joe;male
english;Alan;male
english;Juan;male
english;Elijah;male
english;Willie;male
english;Albert;male
english;Wayne;male
english;Randy;male
english;Mason;male
english;Vincent;male
english;Liam;male
english;Roy;male
english;Bobby;male
english;Caleb;male
english;Bradley;male
english;Russell;male
english;Lucas;male
english;Patricia;female
english;Jennifer;female
english;Linda;female
english;Elizabeth;female
english;Barbara;female
english;Susan;female
english;Jessica;female
english;Karen;female
english;Sarah;female
english;Lisa;female
english;Nancy;female
english;Sandra;female
english;Betty;female
english;Ashley;female
english;Emily;female
english;Kimberly;female
english;Margaret;female
english;Donna;female
english;Michelle;female
english;Carol;female
english;Amanda;female
english;Melissa;female
english;Deborah;female
english;Stephanie;female
english;Rebecca;female
english;Sharon;female
english;Laura;female
english;Cynthia;female
english;Dorothy;female
english;Amy;female
english;Kathleen;female
english;Angela;female
english;Shirley;female
english;Emma;female
english;Brenda;female
english;Pamela;female
english;Nicole;female
english;Anna;female
english;Samantha;female
english;Katherine;female
english;Christine;female
english;Debra;female
english;Rachel;female
english;Carolyn;female
english;Janet;female
english;Maria;female
english;Olivia;female
english;Heather;female
english;Helen;female
english;Catherine;female
english;Diane;female
english;Julie;female
english;Victoria;female
english;Joyce;female
english;Lauren;female
english;Kelly;female
english;Christina;female
english;Ruth;female
english;Joan;female
english;Virginia;female
english;Judith;female
english;Evelyn;female
english;Hannah;female
english;Andrea;female
english;Megan;female
english;Cheryl;female
english;Jacqueline;female
english;Madison;female
english;Teresa;female
english;Abigail;female
english;Sophia;female
english;Martha;female
english;Sara;female
english;Gloria;female
english;Janice;female
english;Kathryn;female
english;Ann;female
english;Isabella;female
english;Judy;female
english;Charlotte;female
english;Julia;female
english;Grace;female
english;Amber;female
english;Alice;female
english;Jean;female
english;Denise;female
english;Frances;female
english;Danielle;female
english;Marilyn;female
english;Natalie;female
english;Beverly;female
english;Diana;female
english;Brittany;female
english;Theresa;female
english;Kayla;female
english;Alexis;female
english;Doris;female
english;Lori;female
english;Tiffany;female
hungarian;Dominik;male
hungarian;Oliver;male
hungarian;Levente;male
hungarian;Mate;male
hungarian;Marcell;male
hungarian;Bence;male
hungarian;Milan;male
hungarian;Noel;male
hungarian;Zalan;male
hungarian;Daniel;male
hungarian;Adam;male
hungarian;Benett;male
hungarian;Botond;male
hungarian;Zsombor;male
hungarian;Aron;male
hungarian;David;male
hungarian;Nolen;male
hungarian;Balazs;male
hungarian;Nimrod;male
hungarian;Benedek;male
hungarian;Mark;male
hungarian;Kristof;male
hungarian;Zente;male
hungarian;Peter;male
hungarian;Barnabas;male
hungarian;Tamas;male
hungarian;Martin;male
hungarian;Hunor;male
hungarian;Kornel;male
hungarian;Laszlo;male
hungarian;Balint;male
hungarian;Zeteny;male
hungarian;Alex;male
hungarian;Abel;male
hungarian;Andras;male
hungarian;Gergo;male
hungarian;Istvan;male
hungarian;Vince;male
hungarian;Marton;male
hungarian;Zoltan;male
hungarian;Akos;male
hungarian;Bendeguz;male
hungarian;Attila;male
hungarian;Soma;male
hungarian;Patrik;male
hungarian;Nandor;male
hungarian;Erik;male
hungarian;Gabor;male
hungarian;Zsolt;male
hungarian;Benjamin;male
hungarian;Janos;male
hungarian;Armin;male
hungarian;Matyas;male
hungarian;Kevin;male
hungarian;Krisztian;male
hungarian;Jozsef;male
hungarian;Sandor;male
hungarian;Csongor;male
hungarian;Vencel;male
hungarian;Kende;male
hungarian;Mihaly;male
hungarian;Roland;male
hungarian;Richard;male
hungarian;Miron;male
hungarian;Norbert;male
hungarian;Csaba;male
hungarian;Ferenc;male
hungarian;Szabolcs;male
hungarian;Robert;male
hungarian;Denisz;male
hungarian;Simon;male
hungarian;Vilmos;male
hungarian;Boldizsar;male
hungarian;Teodor;male
hungarian;Eliot;male
hungarian;Benjamin;male
hungarian;Zeno;male
hungarian;Dorian;male
hungarian;Tibor;male
hungarian;Mirko;male
hungarian;Natan;male
hungarian;Samuel;male
hungarian;Bertalan;male
hungarian;Viktor;male
hungarian;Adrian;male
hungarian;Merse;male
hungarian;Bende;male
hungarian;Donat;male
hungarian;Gergely;male
hungarian;Felix;male
hungarian;Laurent;male
hungarian;Miklos;male
hungarian;Florian;male
hungarian;Gellert;male
hungarian;Csanad;male
hungarian;Kolen;male
hungarian;Bercel;male
hungarian;Imre;male
hungarian;Alexander;male
hungarian;Maxim;male
hungarian;Hanna;female
hungarian;Anna;female
hungarian;Luca;female
hungarian;Zoe;female
hungarian;Lena;female
hungarian;Emma;female
hungarian;Olivia;female
hungarian;Boglarka;female
hungarian;Lili;female
hungarian;Kamilla;female
hungarian;Laura;female
hungarian;Szofia;female
hungarian;Lilien;female
hungarian;Mira;female
hungarian;Aliz;female
hungarian;Sara;female
hungarian;Zsofia;female
hungarian;Flora;female
hungarian;Lara;female
hungarian;Adel;female
hungarian;Izabella;female
hungarian;Jazmin;female
hungarian;Nora;female
hungarian;Janka;female
hungarian;Liza;female
hungarian;Bella;female
hungarian;Linett;female
hungarian;Lilla;female
hungarian;Fanni;female
hungarian;Maja;female
hungarian;Greta;female
hungarian;Zselyke;female
hungarian;Panna;female
hungarian;Dorka;female
hungarian;Emilia;female
hungarian;Blanka;female
hungarian;Rebeka;female
hungarian;Liliana;female
hungarian;Abigel;female
hungarian;Csenge;female
hungarian;Elena;female
hungarian;Milla;female
hungarian;Nara;female
hungarian;Natasa;female
hungarian;Bianka;female
hungarian;Elizabet;female
hungarian;Eszter;female
hungarian;Lotti;female
hungarian;Dora;female
hungarian;Roza;female
hungarian;Szofi;female
hungarian;Szofia;female
hungarian;Viktoria;female
hungarian;Petra;female
hungarian;Noemi;female
hungarian;Odett;female
hungarian;Julia;female
hungarian;Eliza;female
hungarian;Dorina;female
hungarian;Reka;female
hungarian;Lujza;female
hungarian;Amira;female
hungarian;Johanna;female
hungarian;Nazira;female
hungarian;Boroka;female
hungarian;Hanga;female
hungarian;Zora;female
hungarian;Panka;female
hungarian;Emili;female
hungarian;Mia;female
hungarian;Szonja;female
hungarian;Zorka;female
hungarian;Vivien;female
hungarian;Natalia;female
hungarian;Zejnep;female
hungarian;Lia;female
hungarian;Tamara;female
hungarian;Elina;female
hungarian;Norina;female
hungarian;Nina;female
hungarian;Leticia;female
hungarian;Biborka;female
hungarian;Diana;female
hungarian;Fruzsina;female
hungarian;Alina;female
hungarian;Hedi;female
hungarian;Borbala;female
hungarian;Regina;female
hungarian;Lana;female
hungarian;Mirella;female
hungarian;Olivia;female
hungarian;Dorottya;female
hungarian;Mirabella;female
hungarian;Alexandra;female
hungarian;Kincso;female
hungarian;Lora;female
hungarian;Zita;female
hungarian;Kinga;female
hungarian;Rozina;female
hungarian;Luna;female